{"cameraMode":{"drawMode":0,"name":"Shaded","section":"Shading Mode"},"sceneLighting":false,"audioPlay":false,"sceneViewState":{"showFog":false,"showMaterialUpdate":false,"showSkybox":false,"showFlares":false,"showImageEffects":false,"showParticleSystems":false},"in2DMode":false,"pivot":{"x":-26.299999237060548,"y":23.3700008392334,"z":20.899999618530275},"rotation":{"x":0.15225709974765778,"y":0.8394752740859985,"z":-0.4275040328502655,"w":0.29912206530570986},"size":46.6734733581543,"orthographic":false}